Statistic,Average Value
Min,0.442399999999998
Max,1.9935999999999978
Mean,0.8574068691844554
Median,0.8046000000000012
