Statistic,Overall Value
Min,0.006000000000000227
Max,1.0859999999999985
Mean,0.34341935483870967
Median,0.33699999999999974
