Statistic,Overall Value
Min,0.36599999999999966
Max,0.8800000000000026
Mean,0.6553821138211386
Median,0.652000000000001
