Statistic,Overall Value
Min,0.4140000000000015
Max,0.8880000000000052
Mean,0.7135000000000002
Median,0.7340000000000053
