Statistic,Overall Value
Min,0.007999999999995566
Max,0.7399999999999949
Mean,0.32449999999999923
Median,0.30600000000000094
