Statistic,Overall Value
Min,0.4259999999999948
Max,0.8980000000000032
Mean,0.6940999999999998
Median,0.6950000000000003
