Statistic,Overall Value
Min,0.30400000000000205
Max,0.8919999999999959
Mean,0.6164360902255636
Median,0.6159999999999997
