Statistic,Overall Value
Min,0.0040000000000048885
Max,0.7400000000000091
Mean,0.270711111111111
Median,0.2259999999999991
