Statistic,Overall Value
Min,0.003999999999997783
Max,0.7259999999999991
Mean,0.31007843137254854
Median,0.2740000000000009
