Statistic,Overall Value
Min,0.0040000000000048885
Max,0.7040000000000006
Mean,0.21109090909090805
Median,0.1039999999999992
