Statistic,Overall Value
Min,0.0019999999999997797
Max,0.8699999999999903
Mean,0.30824285714285754
Median,0.2720000000000007
