Statistic,Average Value
Min,0.4079999999999992
Max,1.658
Mean,0.7037515160989682
Median,0.6487999999999994
