Statistic,Overall Value
Min,0.0030000000000001137
Max,0.7779999999999916
Mean,0.3681280487804881
Median,0.39550000000000285
