Statistic,Overall Value
Min,0.003999999999997783
Max,0.76
Mean,0.34399367088607596
Median,0.3410000000000011
