,Stimulus Type,Stimulus Stream,Numbers,Position,Timepoints,Time Difference
40,response,S130,2,15838,15.838,0.3719999999999999
112,response,S130,2,42608,42.608,0.2189999999999941
321,response,S130,2,119594,119.594,0.5049999999999955
