,Stimulus Type,Stimulus Stream,Numbers,Position,Timepoints,Time Difference,Response
165,s1,S  3,3,64602,64.602,0.22700000000000387,0
299,s1,S  3,3,114771,114.771,0.617999999999995,0
