,Stimulus Type,Stimulus Stream,Numbers,Position,Timepoints,Time Difference
155,response,S136,8,59281,59.281,0.021000000000000796
173,response,S136,8,65662,65.662,0.43300000000000693
279,response,S136,8,104111,104.111,0.42600000000000193
301,response,S136,8,111846,111.846,0.36299999999999955
