,Stimulus Type,Stimulus Stream,Numbers,Position,Timepoints,Time Difference
312,response,S131,3,114319,114.319,0.03900000000000148
324,response,S131,3,118935,118.935,0.4270000000000067
