,Stimulus Type,Stimulus Stream,Numbers,Position,Timepoints,Time Difference
24,response,S134,6,11216,11.216,0.22100000000000009
66,response,S134,6,27109,27.109,0.23500000000000298
89,response,S134,6,35499,35.499,0.25500000000000256
112,response,S134,6,44117,44.117,0.25199999999999534
155,response,S134,6,60775,60.775,0.4519999999999982
174,response,S134,6,68208,68.208,0.36599999999999966
217,response,S134,6,84770,84.77,0.09999999999999432
