,Stimulus Type,Stimulus Stream,Numbers,Position,Timepoints,Time Difference,Response
308,s2,S 67,3,112796,112.796,0.19300000000001205,0
321,s2,S 67,3,117684,117.684,0.06699999999999307,0
