,Stimulus Type,Stimulus Stream,Numbers,Position,Timepoints,Time Difference
133,response,S131,3,52464,52.464,0.6069999999999993
258,response,S131,3,101489,101.489,0.3170000000000073
