,Stimulus Type,Stimulus Stream,Numbers,Position,Timepoints,Time Difference
233,response,S132,4,87816,87.816,0.6270000000000095
319,response,S132,4,118353,118.353,0.1599999999999966
