Statistic,Overall Value
Min,0.6960000000000015
Max,0.6960000000000015
Mean,0.6960000000000015
Median,0.6960000000000015
