Statistic,Overall Value
Min,0.003999999999997783
Max,0.8160000000000025
Mean,0.3186440677966106
Median,0.31600000000000605
