Statistic,Overall Value
Min,0.0040000000000000036
Max,1.0159999999999911
Mean,0.35030000000000033
Median,0.347999999999999
