Statistic,Overall Value
Min,0.08999999999999986
Max,0.09799999999999898
Mean,0.09399999999999942
Median,0.09399999999999942
