Statistic,Overall Value
Min,0.43200000000000216
Max,0.7680000000000007
Mean,0.6000000000000014
Median,0.6000000000000014
