Statistic,Overall Value
Min,0.1280000000000001
Max,0.33000000000000185
Mean,0.258666666666669
Median,0.31800000000000495
