Statistic,Overall Value
Min,0.27200000000000557
Max,0.5960000000000001
Mean,0.43400000000000283
Median,0.43400000000000283
