Statistic,Overall Value
Min,0.6720000000000006
Max,0.8319999999999972
Mean,0.7519999999999989
Median,0.7519999999999989
