Statistic,Overall Value
Min,0.12600000000000477
Max,0.5919999999999987
Mean,0.4329999999999994
Median,0.506999999999997
