Statistic,Overall Value
Min,0.013999999999999346
Max,0.6259999999999977
Mean,0.3251707317073165
Median,0.3569999999999993
