Statistic,Overall Value
Min,0.3039999999999985
Max,0.3039999999999985
Mean,0.3039999999999985
Median,0.3039999999999985
