Statistic,Overall Value
Min,0.0030000000000001137
Max,0.7659999999999982
Mean,0.36718343195266256
Median,0.38800000000000523
