Statistic,Overall Value
Min,0.0019999999999988916
Max,0.475
Mean,0.18354385964912281
Median,0.1719999999999997
