Statistic,Overall Value
Min,0.003999999999997783
Max,0.45799999999999974
Mean,0.1980076923076926
Median,0.1899999999999995
