Statistic,Overall Value
Min,0.17600000000000193
Max,0.6940000000000026
Mean,0.47079999999999983
Median,0.6099999999999994
