Statistic,Overall Value
Min,0.0030000000000001137
Max,0.7979999999999947
Mean,0.3565384615384618
Median,0.3494999999999955
