Statistic,Overall Value
Min,0.001999999999995339
Max,0.7789999999999964
Mean,0.2936275862068965
Median,0.23599999999999
