Statistic,Overall Value
Min,0.006000000000000227
Max,0.7100000000000009
Mean,0.32943749999999944
Median,0.3120000000000047
