Statistic,Overall Value
Min,0.001999999999995339
Max,0.7699999999999996
Mean,0.33621714285714294
Median,0.32200000000000273
