Statistic,Overall Value
Min,0.2779999999999987
Max,0.8799999999999999
Mean,0.6143544303797462
Median,0.6329999999999991
