Statistic,Overall Value
Min,0.04400000000000048
Max,0.4700000000000024
Mean,0.25700000000000145
Median,0.25700000000000145
