Statistic,Overall Value
Min,0.51400000000001
Max,0.7719999999999914
Mean,0.6375000000000017
Median,0.6320000000000028
