Statistic,Overall Value
Min,0.0040000000000048885
Max,0.7839999999999998
Mean,0.3421234567901232
Median,0.3289999999999935
