Statistic,Overall Value
Min,0.39799999999999613
Max,0.882000000000005
Mean,0.5999883040935675
Median,0.5919999999999987
