Statistic,Overall Value
Min,0.009999999999990905
Max,0.47199999999999953
Mean,0.2579999999999987
Median,0.27500000000000213
