Statistic,Overall Value
Min,0.4059999999999988
Max,0.8239999999999981
Mean,0.6446666666666658
Median,0.7040000000000006
