,Stimulus Type,Stimulus Stream,Numbers,Position,Timepoints,Time Difference,Response
250,s1,S  6,6,46905,46.905,0.059000000000004604,0
276,s1,S  6,6,51917,51.917,0.17900000000000205,0
