Statistic,Overall Value
Min,0.00999999999999801
Max,0.7469999999999999
Mean,0.3334022346368713
Median,0.32499999999998863
