Statistic,Overall Value
Min,0.09300000000000352
Max,0.6769999999999996
Mean,0.34555555555555567
Median,0.3689999999999998
