Statistic,Overall Value
Min,0.0010000000000047748
Max,0.7430000000000003
Mean,0.34291666666666654
Median,0.3454999999999995
