Statistic,Overall Value
Min,0.0030000000000001137
Max,0.7800000000000011
Mean,0.31401428571428597
Median,0.29749999999999854
