Statistic,Overall Value
Min,0.07800000000000296
Max,0.6810000000000009
Mean,0.37300000000000066
Median,0.3615000000000004
