,Stimulus Type,Stimulus Stream,Numbers,Position,Timepoints,Time Difference,Response
195,s2,S 72,8,73785,73.785,0.31699999999999307,0
282,s2,S 72,8,107235,107.235,0.3259999999999934,0
