,Stimulus Type,Stimulus Stream,Numbers,Position,Timepoints,Time Difference,Response
6,s2,S 69,5,4116,4.116,0.34199999999999964,0
215,s2,S 69,5,79998,79.998,0.15100000000001046,0
