,Stimulus Type,Stimulus Stream,Numbers,Position,Timepoints,Time Difference
25,response,S129,1,10878,10.878,0.37700000000000067
44,response,S129,1,17807,17.807,0.02699999999999747
63,response,S129,1,24803,24.803,0.3440000000000012
114,response,S129,1,43722,43.722,0.029000000000003467
221,response,S129,1,82778,82.778,0.4660000000000082
