,Stimulus Type,Stimulus Stream,Numbers,Position,Timepoints,Time Difference
88,response,S132,4,33684,33.684,0.31799999999999784
182,response,S132,4,67964,67.964,0.3229999999999933
283,response,S132,4,104698,104.698,0.26799999999998647
