,Stimulus Type,Stimulus Stream,Numbers,Position,Timepoints,Time Difference
19,response,S133,5,8863,8.863,0.07899999999999885
32,response,S133,5,13040,13.04,0.07199999999999918
67,response,S133,5,25569,25.569,0.06400000000000006
120,response,S133,5,45383,45.383,0.4750000000000014
