,Stimulus Type,Stimulus Stream,Numbers,Position,Timepoints,Time Difference
64,response,S137,9,26005,26.005,0.6110000000000007
69,response,S137,9,27291,27.291,0.22500000000000142
76,response,S137,9,29963,29.963,0.39199999999999946
241,response,S137,9,91095,91.095,0.49500000000000455
