,Stimulus Type,Stimulus Stream,Numbers,Position,Timepoints,Time Difference
63,response,S131,3,24599,24.599,0.402000000000001
69,response,S131,3,26583,26.583,0.021999999999998465
319,response,S131,3,118709,118.709,0.0379999999999967
