,Stimulus Type,Stimulus Stream,Numbers,Position,Timepoints,Time Difference,Response
233,s2,S 70,6,86462,86.462,0.811000000000007,0
310,s2,S 70,6,114203,114.203,0.13900000000001,0
