,Stimulus Type,Stimulus Stream,Numbers,Position,Timepoints,Time Difference,Response
143,s1,S  3,3,54292,54.292,0.8060000000000045,0
303,s1,S  3,3,112820,112.82,0.25199999999999534,0
