,Stimulus Type,Stimulus Stream,Numbers,Position,Timepoints,Time Difference,Response
159,s1,S  6,6,58541,58.541,0.0899999999999963,0
249,s1,S  6,6,91148,91.148,0.0589999999999975,0
