,Stimulus Type,Stimulus Stream,Numbers,Position,Timepoints,Time Difference,Response
52,s1,S  9,9,21215,21.215,0.0030000000000001137,0
153,s1,S  9,9,58001,58.001,0.0799999999999983,0
157,s1,S  9,9,59675,59.675,0.11699999999999733,0
161,s1,S  9,9,61343,61.343,0.15000000000000568,0
