Statistic,Overall Value
Min,0.005000000000002558
Max,0.7510000000000001
Mean,0.30615432098765444
Median,0.28350000000000364
