Statistic,Overall Value
Min,0.0030000000000001137
Max,0.7719999999999985
Mean,0.3008493150684932
Median,0.2680000000000047
