Statistic,Overall Value
Min,0.13800000000000168
Max,0.5569999999999986
Mean,0.3300000000000012
Median,0.32100000000000595
