Statistic,Overall Value
Min,0.3880000000000017
Max,0.3880000000000017
Mean,0.3880000000000017
Median,0.3880000000000017
