Statistic,Overall Value
Min,0.0940000000000012
Max,0.6340000000000003
Mean,0.33647058823529413
Median,0.3149999999999977
