Statistic,Overall Value
Min,0.010000000000005116
Max,0.7220000000000013
Mean,0.36167307692307715
Median,0.3630000000000031
