Statistic,Overall Value
Min,0.007000000000000561
Max,0.7319999999999993
Mean,0.3394342105263156
Median,0.3865000000000016
