Statistic,Overall Value
Min,0.0030000000000001137
Max,0.7659999999999982
Mean,0.3518489208633093
Median,0.34199999999999875
