Statistic,Overall Value
Min,0.0030000000000001137
Max,0.7959999999999994
Mean,0.3681357142857151
Median,0.4150000000000027
