Statistic,Overall Value
Min,0.5459999999999994
Max,0.5459999999999994
Mean,0.5459999999999994
Median,0.5459999999999994
