Statistic,Overall Value
Min,0.016000000000005343
Max,0.6990000000000016
Mean,0.35749999999999993
Median,0.3574999999999964
