Statistic,Overall Value
Min,0.10699999999999932
Max,0.7809999999999988
Mean,0.43533333333333357
Median,0.4590000000000032
