,Stimulus Type,Stimulus Stream,Numbers,Position,Timepoints,Time Difference,Response
126,s2,S 68,4,24657,49.314,0.07600000000000051,0
220,s2,S 68,4,42608,85.216,0.029999999999986926,0
