,Stimulus Type,Stimulus Stream,Numbers,Position,Timepoints,Time Difference
3,response,S136,8,1881,3.762,0.30200000000000005
6,response,S136,8,2443,4.886,0.13600000000000012
99,response,S136,8,20565,41.13,0.132000000000005
110,response,S136,8,22688,45.376,0.3019999999999996
142,response,S136,8,28599,57.198,0.6120000000000019
308,response,S136,8,60953,121.906,0.9440000000000026
