,Stimulus Type,Stimulus Stream,Numbers,Position,Timepoints,Time Difference,Response
203,response,S137,9,38553,77.106,0.17599999999998772,3
220,response,S137,9,41481,82.962,0.014000000000010004,3
294,response,S137,9,56092,112.184,0.14000000000000057,3
