,Stimulus Type,Stimulus Stream,Numbers,Position,Timepoints,Time Difference
45,response,S134,6,9365,18.73,0.5459999999999994
58,response,S134,6,11645,23.29,0.16399999999999793
145,response,S134,6,27698,55.396,0.5020000000000024
165,response,S134,6,31444,62.888,0.4759999999999991
235,response,S134,6,44955,89.91,0.7399999999999949
