,Stimulus Type,Stimulus Stream,Numbers,Position,Timepoints,Time Difference,Response
45,response,S134,6,9365,18.73,0.5459999999999994,2
145,response,S134,6,27698,55.396,0.5020000000000024,2
165,response,S134,6,31444,62.888,0.4759999999999991,2
235,response,S134,6,44955,89.91,0.7399999999999949,2
