,Stimulus Type,Stimulus Stream,Numbers,Position,Timepoints,Time Difference
68,response,S132,4,13436,26.872,0.053999999999998494
202,response,S132,4,38261,76.522,0.24200000000000443
243,response,S132,4,45889,91.778,0.44600000000001216
