,Stimulus Type,Stimulus Stream,Numbers,Position,Timepoints,Time Difference
110,response,S130,2,43632,43.632,0.1389999999999958
125,response,S130,2,48746,48.746,0.0940000000000012
179,response,S130,2,68887,68.887,0.3149999999999977
251,response,S130,2,94735,94.735,0.2469999999999999
