,Stimulus Type,Stimulus Stream,Numbers,Position,Timepoints,Time Difference,Response
114,s1,S  6,6,43646,43.646,0.5470000000000041,0
293,s1,S  6,6,109687,109.687,0.49500000000000455,0
