,Stimulus Type,Stimulus Stream,Numbers,Position,Timepoints,Time Difference,Response
82,s2,S 67,3,32768,32.768,0.5030000000000001,0
207,s2,S 67,3,77644,77.644,0.12600000000000477,0
