,Stimulus Type,Stimulus Stream,Numbers,Position,Timepoints,Time Difference
118,response,S136,8,45773,45.773,0.16500000000000625
274,response,S136,8,105163,105.163,0.4299999999999926
