,Stimulus Type,Stimulus Stream,Numbers,Position,Timepoints,Time Difference
30,response,S130,2,13256,13.256,0.40499999999999936
49,response,S130,2,19724,19.724,0.3240000000000016
312,response,S130,2,116731,116.731,0.2539999999999907
