,Stimulus Type,Stimulus Stream,Numbers,Position,Timepoints,Time Difference,Response
65,s2,S 73,9,26194,26.194,0.5730000000000004,0
286,s2,S 73,9,107792,107.792,0.3119999999999976,0
