,Stimulus Type,Stimulus Stream,Numbers,Position,Timepoints,Time Difference,Response
45,s1,S  8,8,18630,18.63,0.7689999999999984,0
114,s1,S  8,8,44544,44.544,0.5700000000000003,0
271,s1,S  8,8,103902,103.902,0.36199999999999477,0
