,Stimulus Type,Stimulus Stream,Numbers,Position,Timepoints,Time Difference
94,response,S131,3,22612,45.224,0.29999999999999716
167,response,S131,3,38919,77.838,0.1559999999999917
265,response,S131,3,60266,120.532,0.3639999999999901
