,Stimulus Type,Stimulus Stream,Numbers,Position,Timepoints,Time Difference
111,response,S136,8,41278,41.278,0.07399999999999807
145,response,S136,8,53555,53.555,0.6499999999999986
194,response,S136,8,72206,72.206,0.06900000000000261
