,Stimulus Type,Stimulus Stream,Numbers,Position,Timepoints,Time Difference
185,response,S129,1,70018,70.018,0.022999999999996135
189,response,S129,1,71641,71.641,0.4350000000000023
