,Stimulus Type,Stimulus Stream,Numbers,Position,Timepoints,Time Difference,Response
8,s1,S  4,4,5509,5.509,0.4380000000000006,0
53,s1,S  4,4,22226,22.226,0.021000000000000796,0
188,s1,S  4,4,72395,72.395,0.42099999999999227,0
