,Stimulus Type,Stimulus Stream,Numbers,Position,Timepoints,Time Difference
66,response,S131,3,26414,26.414,0.5640000000000001
274,response,S131,3,104491,104.491,0.06199999999999761
