,Stimulus Type,Stimulus Stream,Numbers,Position,Timepoints,Time Difference,Response
49,s2,S 68,4,21403,21.403,0.7759999999999998,0
312,s2,S 68,4,118499,118.499,0.0589999999999975,0
