,Stimulus Type,Stimulus Stream,Numbers,Position,Timepoints,Time Difference,Response
139,s1,S  5,5,53174,53.174,0.7629999999999981,0
201,s1,S  5,5,76585,76.585,0.5109999999999957,0
244,s1,S  5,5,92466,92.466,0.07799999999998875,0
