,Stimulus Type,Stimulus Stream,Numbers,Position,Timepoints,Time Difference,Response
39,s2,S 68,4,10378,10.378,0.4150000000000009,0
252,s2,S 68,4,57074,57.074,0.41799999999999926,0
