,Stimulus Type,Stimulus Stream,Numbers,Position,Timepoints,Time Difference,Response
299,s1,S  6,6,55615,55.615,0.26900000000000546,0
319,s1,S  6,6,59377,59.377,0.3610000000000042,0
