,Stimulus Type,Stimulus Stream,Numbers,Position,Timepoints,Time Difference,Response
123,s2,S 70,6,23756,23.756,0.06800000000000139,0
139,s2,S 70,6,27021,27.021,0.40700000000000003,0
