,Stimulus Type,Stimulus Stream,Numbers,Position,Timepoints,Time Difference
24,response,S131,3,11429,11.429,0.6470000000000002
113,response,S131,3,43844,43.844,0.4280000000000044
304,response,S131,3,115665,115.665,0.43900000000000716
