,Stimulus Type,Stimulus Stream,Numbers,Position,Timepoints,Time Difference,Response
69,s2,S 72,8,26906,26.906,0.6280000000000001,0
251,s2,S 72,8,93008,93.008,0.688999999999993,0
