,Stimulus Type,Stimulus Stream,Numbers,Position,Timepoints,Time Difference
204,response,S131,3,78141,78.141,0.14500000000001023
239,response,S131,3,90296,90.296,0.11700000000000443
