,Stimulus Type,Stimulus Stream,Numbers,Position,Timepoints,Time Difference
109,response,S136,8,41849,41.849,0.4129999999999967
121,response,S136,8,45715,45.715,0.19700000000000273
199,response,S136,8,75034,75.034,0.14800000000001035
