,Stimulus Type,Stimulus Stream,Numbers,Position,Timepoints,Time Difference
117,response,S130,2,45446,45.446,0.6460000000000008
291,response,S130,2,107255,107.255,0.4469999999999885
