,Stimulus Type,Stimulus Stream,Numbers,Position,Timepoints,Time Difference,Response
127,s2,S 65,1,48885,48.885,0.07199999999999562,0
149,s2,S 65,1,57044,57.044,0.7049999999999983,0
