,Stimulus Type,Stimulus Stream,Numbers,Position,Timepoints,Time Difference
16,response,S132,4,8110,8.11,0.4819999999999993
148,response,S132,4,56099,56.099,0.25
306,response,S132,4,117031,117.031,0.06800000000001205
