,Stimulus Type,Stimulus Stream,Numbers,Position,Timepoints,Time Difference,Response
75,s2,S 69,5,29389,29.389,0.5539999999999985,0
134,s2,S 69,5,50608,50.608,0.041999999999994486,0
180,s2,S 69,5,68556,68.556,0.42900000000000205,0
