,Stimulus Type,Stimulus Stream,Numbers,Position,Timepoints,Time Difference,Response
114,s2,S 66,2,43982,43.982,0.19500000000000028,0
288,s2,S 66,2,105993,105.993,0.34499999999999886,0
