,Stimulus Type,Stimulus Stream,Numbers,Position,Timepoints,Time Difference,Response
136,s1,S  4,4,53563,53.563,0.2540000000000049,0
318,s1,S  4,4,119605,119.605,0.7120000000000033,0
