,Stimulus Type,Stimulus Stream,Numbers,Position,Timepoints,Time Difference,Response
117,s1,S  8,8,44451,44.451,0.5690000000000026,0
186,s1,S  8,8,70369,70.369,0.3709999999999951,0
195,s1,S  8,8,73709,73.709,0.44899999999999807,0
241,s1,S  8,8,91267,91.267,0.05700000000000216,0
