Statistic,Overall Value
Min,0.0019999999999988916
Max,0.40800000000000125
Mean,0.15858870967741961
Median,0.16300000000000314
