Statistic,Overall Value
Min,0.06400000000000006
Max,0.16500000000000092
Mean,0.11450000000000049
Median,0.11450000000000049
