Statistic,Overall Value
Min,0.0020000000000000018
Max,0.5079999999999956
Mean,0.17478169014084527
Median,0.1739999999999995
