Statistic,Overall Value
Min,0.009999999999999787
Max,0.7830000000000013
Mean,0.46400000000000013
Median,0.545499999999997
