Statistic,Overall Value
Min,0.0020000000000024443
Max,0.7530000000000001
Mean,0.33046913580246917
Median,0.33000000000000007
