Statistic,Overall Value
Min,0.030000000000001137
Max,0.5499999999999972
Mean,0.3808571428571434
Median,0.47100000000000364
