Statistic,Overall Value
Min,0.20199999999999818
Max,0.8900000000000006
Mean,0.5976629213483142
Median,0.6020000000000039
