Statistic,Overall Value
Min,0.23000000000000398
Max,0.8840000000000003
Mean,0.6008648648648649
Median,0.6199999999999974
