Statistic,Overall Value
Min,0.007999999999995566
Max,0.9159999999999995
Mean,0.398614173228347
Median,0.3879999999999981
