Statistic,Overall Value
Min,0.015999999999998238
Max,0.8400000000000034
Mean,0.38008000000000053
Median,0.3890000000000029
