Statistic,Overall Value
Min,0.27800000000000047
Max,0.8979999999999961
Mean,0.694
Median,0.759999999999998
