Statistic,Overall Value
Min,0.012000000000000455
Max,1.0779999999999994
Mean,0.4275200000000003
Median,0.4519999999999982
