Statistic,Overall Value
Min,0.003999999999997783
Max,0.95
Mean,0.37277477477477483
Median,0.35999999999999943
