Statistic,Overall Value
Min,0.23000000000000398
Max,0.8879999999999999
Mean,0.6367735849056613
Median,0.6510000000000016
