Statistic,Overall Value
Min,0.001999999999995339
Max,0.984
Mean,0.4273402061855671
Median,0.4239999999999995
