,Stimulus Type,Stimulus Stream,Numbers,Position,Timepoints,Time Difference,Response
134,response,S137,9,26376,52.752,0.0660000000000025,3
209,response,S137,9,40606,81.212,0.15000000000000568,3
225,response,S137,9,43513,87.026,0.0759999999999934,3
239,response,S137,9,46538,93.076,0.31799999999999784,3
