,Stimulus Type,Stimulus Stream,Numbers,Position,Timepoints,Time Difference,Response
65,response,S137,9,13946,27.892,0.10999999999999943,3
96,response,S137,9,19738,39.476,0.27599999999999625,3
223,response,S137,9,43434,86.868,0.33799999999999386,3
