,Stimulus Type,Stimulus Stream,Numbers,Position,Timepoints,Time Difference
235,response,S136,8,46734,93.468,0.030000000000001137
253,response,S136,8,50019,100.038,0.06999999999999318
