Statistic,Overall Value
Min,0.22199999999999953
Max,0.8879999999999999
Mean,0.6019780219780222
Median,0.610000000000003
