Statistic,Overall Value
Min,0.20199999999999818
Max,0.8880000000000052
Mean,0.5259999999999999
Median,0.5320000000000036
