Statistic,Overall Value
Min,0.02599999999999625
Max,0.9519999999999982
Mean,0.37548437499999976
Median,0.3620000000000019
