Statistic,Overall Value
Min,0.006000000000000227
Max,0.8800000000000026
Mean,0.3283571428571426
Median,0.3059999999999974
