Statistic,Overall Value
Min,0.15399999999999991
Max,0.5259999999999998
Mean,0.3553333333333302
Median,0.3639999999999901
