Statistic,Overall Value
Min,0.0030000000000001137
Max,0.8199999999999998
Mean,0.3190647482014386
Median,0.2950000000000017
