Statistic,Overall Value
Min,0.009000000000000341
Max,0.6270000000000095
Mean,0.27506666666666746
Median,0.25199999999999534
