Statistic,Overall Value
Min,0.32099999999999795
Max,0.5379999999999967
Mean,0.42949999999999733
Median,0.42949999999999733
