Statistic,Overall Value
Min,0.009000000000000341
Max,0.7390000000000043
Mean,0.3421726190476188
Median,0.35300000000000065
