Statistic,Overall Value
Min,0.003999999999990678
Max,0.8089999999999975
Mean,0.31940145985401447
Median,0.2850000000000037
