Statistic,Overall Value
Min,0.0030000000000001137
Max,0.5429999999999993
Mean,0.1729850746268657
Median,0.16849999999999987
