Statistic,Overall Value
Min,0.0019999999999988916
Max,0.36299999999999955
Mean,0.15526282051282025
Median,0.13700000000000045
