Statistic,Overall Value
Min,0.0020000000000024443
Max,0.39800000000000324
Mean,0.14293333333333358
Median,0.11200000000000188
