,Stimulus Type,Stimulus Stream,Numbers,Position,Timepoints,Time Difference,Response
6,s2,S 66,2,1934,1.934,0.16900000000000004,0
116,s2,S 66,2,22742,22.742,0.08000000000000185,0
147,s2,S 66,2,28861,28.861,0.3460000000000001,0
160,s2,S 66,2,31308,31.308,0.2809999999999988,0
311,s2,S 66,2,58644,58.644,0.030000000000001137,0
