,Stimulus Type,Stimulus Stream,Numbers,Position,Timepoints,Time Difference,Response
267,s1,S  5,5,50042,50.042,0.13700000000000045,0
288,s1,S  5,5,54222,54.222,0.23499999999999943,0
