,Stimulus Type,Stimulus Stream,Numbers,Position,Timepoints,Time Difference,Response
67,s1,S  1,1,14326,14.326,0.07399999999999984,0
83,s1,S  1,1,17252,17.252,0.14299999999999713,0
222,s1,S  1,1,43584,43.584,0.3680000000000021,0
302,s1,S  1,1,58634,58.634,0.32200000000000273,0
