Statistic,Overall Value
Min,0.0040000000000048885
Max,0.7909999999999999
Mean,0.348760479041916
Median,0.3490000000000002
