Statistic,Overall Value
Min,0.02599999999999625
Max,0.5049999999999955
Mean,0.2804999999999964
Median,0.295499999999997
