Statistic,Overall Value
Min,0.006999999999990791
Max,0.7560000000000002
Mean,0.3442999999999999
Median,0.3819999999999979
