Statistic,Overall Value
Min,0.027999999999991587
Max,0.4559999999999995
Mean,0.21733333333333013
Median,0.16799999999999926
