Statistic,Overall Value
Min,0.6610000000000014
Max,0.6610000000000014
Mean,0.6610000000000014
Median,0.6610000000000014
