Statistic,Overall Value
Min,0.007000000000005002
Max,0.7289999999999992
Mean,0.37455491329479706
Median,0.3999999999999986
