,Stimulus Type,Stimulus Stream,Numbers,Position,Timepoints,Time Difference,Response
71,s1,S  3,3,28562,28.562,0.19000000000000128,0
76,s1,S  3,3,30227,30.227,0.08999999999999986,0
187,s1,S  3,3,72032,72.032,0.41499999999999204,0
285,s1,S  3,3,107976,107.976,0.4519999999999982,0
