,Stimulus Type,Stimulus Stream,Numbers,Position,Timepoints,Time Difference,Response
34,s2,S 65,1,14660,14.66,0.08000000000000007,0
66,s2,S 65,1,26084,26.084,0.6370000000000005,0
