,Stimulus Type,Stimulus Stream,Numbers,Position,Timepoints,Time Difference
18,response,S130,2,8751,8.751,0.13599999999999923
117,response,S130,2,44869,44.869,0.055999999999997385
140,response,S130,2,53163,53.163,0.18900000000000006
211,response,S130,2,80563,80.563,0.05200000000000671
271,response,S130,2,102665,102.665,0.41500000000000625
285,response,S130,2,107655,107.655,0.013999999999995794
