,Stimulus Type,Stimulus Stream,Numbers,Position,Timepoints,Time Difference
114,response,S137,9,45015,45.015,0.027000000000001023
216,response,S137,9,83824,83.824,0.21399999999999864
