,Stimulus Type,Stimulus Stream,Numbers,Position,Timepoints,Time Difference,Response
40,s2,S 66,2,8011,8.011,0.05499999999999883,0
61,s2,S 66,2,12094,12.094,0.37299999999999933,0
67,s2,S 66,2,13319,13.319,0.3470000000000013,0
77,s2,S 66,2,15355,15.355,0.2919999999999998,0
