,Stimulus Type,Stimulus Stream,Numbers,Position,Timepoints,Time Difference
158,response,S136,8,29834,29.834,0.004000000000001336
204,response,S136,8,37600,37.6,0.020000000000003126
