,Stimulus Type,Stimulus Stream,Numbers,Position,Timepoints,Time Difference
2,response,S130,2,866,0.866,0.014000000000000012
6,response,S130,2,1938,1.938,0.04499999999999993
17,response,S130,2,4043,4.043,0.11100000000000021
22,response,S130,2,5027,5.027,0.2789999999999999
27,response,S130,2,5837,5.837,0.2729999999999997
36,response,S130,2,7418,7.418,0.22299999999999986
45,response,S130,2,9066,9.066,0.2350000000000012
52,response,S130,2,10306,10.306,0.254999999999999
