Statistic,Overall Value
Min,0.06400000000000006
Max,0.3260000000000005
Mean,0.1849999999999996
Median,0.18049999999999944
