Statistic,Overall Value
Min,0.0030000000000001137
Max,0.37599999999999767
Mean,0.16705988023952084
Median,0.16800000000000104
