Statistic,Overall Value
Min,0.002999999999996561
Max,0.37099999999999866
Mean,0.12680666666666648
Median,0.09350000000000058
