Statistic,Overall Value
Min,0.003999999999997783
Max,0.7039999999999971
Mean,0.22994339622641444
Median,0.18500000000000227
