Statistic,Overall Value
Min,0.004000000000001336
Max,0.7489999999999952
Mean,0.34767741935483853
Median,0.3370000000000033
