Statistic,Overall Value
Min,0.0030000000000001137
Max,0.7839999999999989
Mean,0.34229370629370687
Median,0.3189999999999884
