Statistic,Overall Value
Min,0.0020000000000024443
Max,0.7590000000000003
Mean,0.31005633802816895
Median,0.29499999999999815
