,Stimulus Type,Stimulus Stream,Numbers,Position,Timepoints,Time Difference,Response
12,s2,S 72,8,6686,6.686,0.28500000000000014,0
61,s2,S 72,8,24641,24.641,0.6829999999999998,0
189,s2,S 72,8,71963,71.963,0.3499999999999943,0
246,s2,S 72,8,92365,92.365,0.6939999999999884,0
