,Stimulus Type,Stimulus Stream,Numbers,Position,Timepoints,Time Difference
20,response,S134,6,9423,9.423,0.39000000000000057
53,response,S134,6,21110,21.11,0.593
99,response,S134,6,37768,37.768,0.17600000000000193
139,response,S134,6,52758,52.758,0.47000000000000597
162,response,S134,6,61170,61.17,0.5290000000000035
235,response,S134,6,88196,88.196,0.012999999999991019
