,Stimulus Type,Stimulus Stream,Numbers,Position,Timepoints,Time Difference
92,response,S130,2,38459,38.459,0.3540000000000063
228,response,S130,2,88546,88.546,0.6370000000000005
240,response,S130,2,92839,92.839,0.06900000000000261
