,Stimulus Type,Stimulus Stream,Numbers,Position,Timepoints,Time Difference
126,response,S137,9,49096,49.096,0.20999999999999375
317,response,S137,9,120169,120.169,0.17499999999999716
