,Stimulus Type,Stimulus Stream,Numbers,Position,Timepoints,Time Difference
60,response,S130,2,24499,24.499,0.46399999999999864
275,response,S130,2,102765,102.765,0.1460000000000008
