,Stimulus Type,Stimulus Stream,Numbers,Position,Timepoints,Time Difference
54,response,S130,2,21593,21.593,0.6170000000000009
63,response,S130,2,24319,24.319,0.0030000000000001137
149,response,S130,2,55847,55.847,0.5970000000000013
188,response,S130,2,70624,70.624,0.3329999999999984
285,response,S130,2,105690,105.69,0.28300000000000125
