,Stimulus Type,Stimulus Stream,Numbers,Position,Timepoints,Time Difference
52,response,S133,5,21710,21.71,0.7230000000000025
73,response,S133,5,29134,29.134,0.615000000000002
157,response,S133,5,60620,60.62,0.3339999999999961
174,response,S133,5,66821,66.821,0.1419999999999959
259,response,S133,5,99360,99.36,0.046999999999997044
