,Stimulus Type,Stimulus Stream,Numbers,Position,Timepoints,Time Difference
16,response,S131,3,8847,8.847,0.4989999999999988
54,response,S131,3,23807,23.807,0.6799999999999997
70,response,S131,3,29685,29.685,0.11899999999999977
97,response,S131,3,40093,40.093,0.23900000000000432
214,response,S131,3,84310,84.31,0.0799999999999983
236,response,S131,3,93332,93.332,0.12699999999999534
246,response,S131,3,97285,97.285,0.5819999999999936
