,Stimulus Type,Stimulus Stream,Numbers,Position,Timepoints,Time Difference,Response
18,s2,S 66,2,9368,9.368,0.23900000000000077,0
39,s2,S 66,2,16715,16.715,0.06099999999999994,0
