,Stimulus Type,Stimulus Stream,Numbers,Position,Timepoints,Time Difference
59,response,S132,4,23762,23.762,0.6280000000000001
283,response,S132,4,107570,107.57,0.0049999999999954525
