,Stimulus Type,Stimulus Stream,Numbers,Position,Timepoints,Time Difference,Response
43,s2,S 73,9,18447,18.447,0.8149999999999977,0
240,s2,S 73,9,90253,90.253,0.7459999999999951,0
