,Stimulus Type,Stimulus Stream,Numbers,Position,Timepoints,Time Difference
7,response,S129,1,5550,5.55,0.35499999999999954
69,response,S129,1,29104,29.104,0.5090000000000003
74,response,S129,1,30598,30.598,0.3299999999999983
83,response,S129,1,34000,34.0,0.3819999999999979
100,response,S129,1,40408,40.408,0.10699999999999932
110,response,S129,1,44427,44.427,0.4930000000000021
117,response,S129,1,46847,46.847,0.4590000000000032
142,response,S129,1,56140,56.14,0.7809999999999988
157,response,S129,1,61706,61.706,0.5020000000000024
