,Stimulus Type,Stimulus Stream,Numbers,Position,Timepoints,Time Difference,Response
0,s2,S 65,1,1122,1.122,0.0,0
101,s2,S 65,1,38650,38.65,0.33899999999999864,0
130,s2,S 65,1,49258,49.258,0.07900000000000063,0
259,s2,S 65,1,99038,99.038,0.5279999999999916,0
293,s2,S 65,1,112089,112.089,0.20399999999999352,0
301,s2,S 65,1,115354,115.354,0.1290000000000049,0
