,Stimulus Type,Stimulus Stream,Numbers,Position,Timepoints,Time Difference,Response
149,s1,S  1,1,56058,56.058,0.030000000000001137,0
194,s1,S  1,1,72780,72.78,0.43200000000000216,0
