,Stimulus Type,Stimulus Stream,Numbers,Position,Timepoints,Time Difference,Response
116,s1,S  3,3,46254,46.254,0.6159999999999997,0
178,s1,S  3,3,68822,68.822,0.33800000000000807,0
