,Stimulus Type,Stimulus Stream,Numbers,Position,Timepoints,Time Difference,Response
126,s1,S  5,5,47697,47.697,0.11400000000000432,0
164,s1,S  5,5,61074,61.074,0.15800000000000125,0
208,s1,S  5,5,77794,77.794,0.5589999999999975,0
286,s1,S  5,5,108726,108.726,0.4819999999999993,0
297,s1,S  5,5,112907,112.907,0.5859999999999985,0
