,Stimulus Type,Stimulus Stream,Numbers,Position,Timepoints,Time Difference,Response
17,s2,S 68,4,4127,4.127,0.11599999999999966,0
209,s2,S 68,4,40441,40.441,0.06500000000000483,0
