,Stimulus Type,Stimulus Stream,Numbers,Position,Timepoints,Time Difference
17,response,S129,1,9190,9.19,0.24599999999999866
27,response,S129,1,12657,12.657,0.44899999999999984
45,response,S129,1,19253,19.253,0.5150000000000006
90,response,S129,1,35181,35.181,0.12699999999999534
106,response,S129,1,40917,40.917,0.14800000000000324
237,response,S129,1,90267,90.267,0.4749999999999943
253,response,S129,1,95761,95.761,0.10899999999999466
291,response,S129,1,109726,109.726,0.41499999999999204
