,Stimulus Type,Stimulus Stream,Numbers,Position,Timepoints,Time Difference
100,response,S133,5,38102,38.102,0.19699999999999562
128,response,S133,5,48118,48.118,0.4230000000000018
212,response,S133,5,79073,79.073,0.367999999999995
226,response,S133,5,84137,84.137,0.5409999999999968
288,response,S133,5,105913,105.913,0.277000000000001
311,response,S133,5,114171,114.171,0.37700000000000955
321,response,S133,5,117848,117.848,0.04399999999999693
