,Stimulus Type,Stimulus Stream,Numbers,Position,Timepoints,Time Difference
45,response,S130,2,19541,19.541,0.5229999999999997
85,response,S130,2,33843,33.843,0.1390000000000029
103,response,S130,2,40739,40.739,0.5079999999999956
134,response,S130,2,51237,51.237,0.3950000000000031
163,response,S130,2,62141,62.141,0.48499999999999943
189,response,S130,2,71282,71.282,0.0379999999999967
239,response,S130,2,89861,89.861,0.6170000000000044
260,response,S130,2,96646,96.646,0.10800000000000409
327,response,S130,2,121701,121.701,0.688999999999993
