,Stimulus Type,Stimulus Stream,Numbers,Position,Timepoints,Time Difference
31,response,S137,9,14508,14.508,0.35199999999999854
115,response,S137,9,44619,44.619,0.2629999999999981
142,response,S137,9,54718,54.718,0.5510000000000019
173,response,S137,9,66647,66.647,0.2610000000000099
187,response,S137,9,71547,71.547,0.2680000000000007
202,response,S137,9,77198,77.198,0.20699999999999363
213,response,S137,9,81349,81.349,0.27600000000001046
218,response,S137,9,83181,83.181,0.4789999999999992
297,response,S137,9,111555,111.555,0.29300000000000637
