,Stimulus Type,Stimulus Stream,Numbers,Position,Timepoints,Time Difference,Response
19,s1,S  3,3,9686,9.686,0.5350000000000001,0
62,s1,S  3,3,24737,24.737,0.08299999999999841,0
99,s1,S  3,3,38114,38.114,0.40799999999999415,0
