,Stimulus Type,Stimulus Stream,Numbers,Position,Timepoints,Time Difference,Response
221,s2,S 65,1,82985,82.985,0.11599999999999966,0
225,s2,S 65,1,84614,84.614,0.0730000000000075,0
