,Stimulus Type,Stimulus Stream,Numbers,Position,Timepoints,Time Difference,Response
78,s2,S 72,8,31441,31.441,0.5150000000000006,0
148,s2,S 72,8,57558,57.558,0.7160000000000011,0
