,Stimulus Type,Stimulus Stream,Numbers,Position,Timepoints,Time Difference,Response
198,s2,S 66,2,74503,74.503,0.31100000000000705,0
285,s2,S 66,2,105514,105.514,0.387999999999991,0
