,Stimulus Type,Stimulus Stream,Numbers,Position,Timepoints,Time Difference
119,response,S133,5,47401,47.401,0.5860000000000056
155,response,S133,5,60684,60.684,0.0030000000000001137
