,Stimulus Type,Stimulus Stream,Numbers,Position,Timepoints,Time Difference,Response
34,s1,S  1,1,15155,15.155,0.7109999999999985,0
40,s1,S  1,1,17663,17.663,0.7749999999999986,0
77,s1,S  1,1,31037,31.037,0.2729999999999997,0
90,s1,S  1,1,36054,36.054,0.39700000000000557,0
94,s1,S  1,1,37725,37.725,0.44000000000000483,0
152,s1,S  1,1,57795,57.795,0.10699999999999932,0
200,s1,S  1,1,75345,75.345,0.5259999999999962,0
303,s1,S  1,1,112129,112.129,0.5840000000000032,0
320,s1,S  1,1,118818,118.818,0.7530000000000001,0
