,Stimulus Type,Stimulus Stream,Numbers,Position,Timepoints,Time Difference,Response
82,s1,S  9,9,32271,32.271,0.26500000000000057,0
104,s1,S  9,9,41466,41.466,0.48400000000000176,0
