,Stimulus Type,Stimulus Stream,Numbers,Position,Timepoints,Time Difference
25,response,S133,5,11119,11.119,0.4469999999999992
110,response,S133,5,43585,43.585,0.2710000000000008
113,response,S133,5,44505,44.505,0.3850000000000051
