,Stimulus Type,Stimulus Stream,Numbers,Position,Timepoints,Time Difference
9,response,S132,4,5763,5.763,0.18299999999999983
26,response,S132,4,11487,11.487,0.19500000000000028
40,response,S132,4,16411,16.411,0.2220000000000013
54,response,S132,4,22655,22.655,0.6769999999999996
