,Stimulus Type,Stimulus Stream,Numbers,Position,Timepoints,Time Difference
9,response,S131,3,6537,6.537,0.28000000000000025
26,response,S131,3,11894,11.894,0.10299999999999976
34,response,S131,3,14754,14.754,0.3330000000000002
95,response,S131,3,36944,36.944,0.07800000000000296
136,response,S131,3,52629,52.629,0.6769999999999996
193,response,S131,3,73479,73.479,0.30400000000000205
