,Stimulus Type,Stimulus Stream,Numbers,Position,Timepoints,Time Difference
159,response,S129,1,61664,61.664,0.3470000000000013
274,response,S129,1,104418,104.418,0.0030000000000001137
