,Stimulus Type,Stimulus Stream,Numbers,Position,Timepoints,Time Difference
263,response,S136,8,99654,99.654,0.0309999999999917
269,response,S136,8,101947,101.947,0.3930000000000007
