,Stimulus Type,Stimulus Stream,Numbers,Position,Timepoints,Time Difference
61,response,S133,5,24264,24.264,0.3689999999999998
158,response,S133,5,57876,57.876,0.5499999999999972
191,response,S133,5,69959,69.959,0.09300000000000352
