,Stimulus Type,Stimulus Stream,Numbers,Position,Timepoints,Time Difference,Response
62,s1,S  1,1,25378,25.378,0.11400000000000077,0
246,s1,S  1,1,93929,93.929,0.12399999999999523,0
