Statistic,Overall Value
Min,0.36099999999999
Max,0.36099999999999
Mean,0.36099999999999
Median,0.36099999999999
