Statistic,Overall Value
Min,0.021999999999998465
Max,0.6110000000000007
Mean,0.30547058823529366
Median,0.3440000000000012
