Statistic,Overall Value
Min,0.005000000000002558
Max,0.8380000000000001
Mean,0.35175739644970416
Median,0.375
