Statistic,Overall Value
Min,0.005999999999993122
Max,0.7419999999999973
Mean,0.24979020979020933
Median,0.18000000000000682
