Statistic,Overall Value
Min,0.1280000000000001
Max,0.5159999999999982
Mean,0.33133333333333265
Median,0.3609999999999989
