Statistic,Overall Value
Min,0.4200000000000017
Max,0.6679999999999993
Mean,0.508666666666663
Median,0.4379999999999882
