Statistic,Overall Value
Min,0.2580000000000098
Max,0.8739999999999952
Mean,0.6679999999999993
Median,0.769999999999996
