Statistic,Overall Value
Min,0.1900000000000004
Max,0.28200000000000003
Mean,0.2360000000000002
Median,0.2360000000000002
