Statistic,Overall Value
Min,0.0019999999999988916
Max,0.392000000000003
Mean,0.1695933333333333
Median,0.16700000000000004
