Statistic,Overall Value
Min,0.04100000000000037
Max,0.2290000000000001
Mean,0.13185714285714223
Median,0.13200000000000145
