Statistic,Overall Value
Min,0.001999999999995339
Max,0.4209999999999994
Mean,0.15983749999999994
Median,0.14700000000000024
