,Stimulus Type,Stimulus Stream,Numbers,Position,Timepoints,Time Difference,Response
17,s2,S 68,4,4127,8.254,0.23199999999999932,0
205,s2,S 68,4,39624,79.248,0.17600000000000193,0
