,Stimulus Type,Stimulus Stream,Numbers,Position,Timepoints,Time Difference,Response
124,response,S134,6,23459,46.918,0.3019999999999996,3
171,response,S134,6,32069,64.138,0.17600000000000193,3
227,response,S134,6,42208,84.416,0.2680000000000007,3
