,Stimulus Type,Stimulus Stream,Numbers,Position,Timepoints,Time Difference,Response
89,s1,S  3,3,17624,35.248,0.2979999999999947,0
235,s1,S  3,3,44791,89.582,0.813999999999993,0
266,s1,S  3,3,50228,100.456,0.2580000000000098,0
