Statistic,Overall Value
Min,0.0030000000000001137
Max,0.777000000000001
Mean,0.3609062499999996
Median,0.383999999999995
