Statistic,Overall Value
Min,0.003999999999997783
Max,0.7619999999999969
Mean,0.38657058823529394
Median,0.4169999999999998
