Statistic,Overall Value
Min,0.02400000000000091
Max,0.7169999999999987
Mean,0.3404025157232705
Median,0.32900000000000773
