Statistic,Overall Value
Min,0.02699999999999747
Max,0.6679999999999993
Mean,0.4423333333333348
Median,0.4420000000000037
