Statistic,Overall Value
Min,0.003999999999997783
Max,0.7849999999999966
Mean,0.3562404371584703
Median,0.3859999999999957
