Statistic,Overall Value
Min,0.002000000000000668
Max,0.7880000000000003
Mean,0.3599210526315796
Median,0.3869999999999987
