Statistic,Overall Value
Min,0.001999999999995339
Max,0.7180000000000035
Mean,0.3362151898734175
Median,0.35199999999999765
