Statistic,Overall Value
Min,0.0030000000000001137
Max,0.7730000000000032
Mean,0.34558955223880583
Median,0.33500000000000085
