Statistic,Overall Value
Min,0.3199999999999932
Max,0.3199999999999932
Mean,0.3199999999999932
Median,0.3199999999999932
