Statistic,Overall Value
Min,0.0029999999999983373
Max,0.6830000000000069
Mean,0.3111393442622952
Median,0.3099999999999987
