Statistic,Overall Value
Min,0.0030000000000001137
Max,0.7609999999999992
Mean,0.36918518518518445
Median,0.35599999999999454
