Statistic,Overall Value
Min,0.012999999999991019
Max,0.6799999999999997
Mean,0.3400555555555557
Median,0.3510000000000031
