,Stimulus Type,Stimulus Stream,Numbers,Position,Timepoints,Time Difference
51,response,S132,4,10165,20.33,0.32599999999999696
112,response,S132,4,21081,42.162,0.1280000000000001
233,response,S132,4,42848,85.696,0.4200000000000017
