,Stimulus Type,Stimulus Stream,Numbers,Position,Timepoints,Time Difference
96,response,S133,5,19424,38.848,0.24600000000000222
119,response,S133,5,23963,47.926,0.1280000000000001
150,response,S133,5,29847,59.694,0.19200000000000017
186,response,S133,5,37109,74.218,0.14200000000001012
219,response,S133,5,43211,86.422,0.11199999999999477
