,Stimulus Type,Stimulus Stream,Numbers,Position,Timepoints,Time Difference,Response
209,s2,S 70,6,40293,80.586,0.15200000000000102,0
292,s2,S 70,6,56204,112.408,0.21000000000000796,0
