,Stimulus Type,Stimulus Stream,Numbers,Position,Timepoints,Time Difference,Response
123,s2,S 72,8,23817,47.634,0.11200000000000188,0
249,s2,S 72,8,47889,95.778,0.6020000000000039,0
