,Stimulus Type,Stimulus Stream,Numbers,Position,Timepoints,Time Difference,Response
193,s2,S 69,5,36579,73.158,0.3299999999999983,0
200,s2,S 69,5,37804,75.608,0.27200000000000557,0
206,s2,S 69,5,39025,78.05,0.20999999999999375,0
