,Stimulus Type,Stimulus Stream,Numbers,Position,Timepoints,Time Difference,Response
229,s1,S  4,4,42179,84.358,0.5940000000000083,0
291,s1,S  4,4,53884,107.768,0.4579999999999984,0
