,Stimulus Type,Stimulus Stream,Numbers,Position,Timepoints,Time Difference
134,response,S131,3,26842,53.684,0.6139999999999972
180,response,S131,3,35839,71.678,0.26200000000000045
185,response,S131,3,36733,73.466,0.3780000000000001
216,response,S131,3,42052,84.104,0.02599999999999625
225,response,S131,3,43719,87.438,0.10000000000000853
