,Stimulus Type,Stimulus Stream,Numbers,Position,Timepoints,Time Difference
81,response,S137,9,16504,33.008,0.15800000000000125
145,response,S137,9,29028,58.056,0.6759999999999948
151,response,S137,9,29942,59.884,0.10600000000000165
256,response,S137,9,50264,100.528,0.51400000000001
268,response,S137,9,52390,104.78,0.1280000000000001
306,response,S137,9,59312,118.624,0.09799999999999898
