,Stimulus Type,Stimulus Stream,Numbers,Position,Timepoints,Time Difference
60,response,S136,8,25772,25.772,0.6739999999999995
137,response,S136,8,55148,55.148,0.7830000000000013
159,response,S136,8,63129,63.129,0.4169999999999945
