,Stimulus Type,Stimulus Stream,Numbers,Position,Timepoints,Time Difference,Response
72,s2,S 73,9,27793,27.793,0.602999999999998,0
144,s2,S 73,9,55528,55.528,0.7439999999999998,0
163,s2,S 73,9,62064,62.064,0.5989999999999966,0
242,s2,S 73,9,90616,90.616,0.7279999999999944,0
