Statistic,Overall Value
Min,0.001999999999995339
Max,0.7399999999999949
Mean,0.31474482758620664
Median,0.29399999999999693
