Statistic,Overall Value
Min,0.28000000000000114
Max,0.8919999999999959
Mean,0.5673611111111109
Median,0.5439999999999987
