Statistic,Overall Value
Min,0.003999999999990678
Max,0.8419999999999987
Mean,0.31883333333333314
Median,0.2940000000000005
