Statistic,Overall Value
Min,0.013999999999999346
Max,0.8619999999999948
Mean,0.32721739130434774
Median,0.29399999999999693
