Statistic,Overall Value
Min,0.001999999999995339
Max,0.9939999999999998
Mean,0.29643750000000024
Median,0.25200000000000067
