Statistic,Overall Value
Min,0.004000000000001336
Max,0.7219999999999942
Mean,0.26542168674698824
Median,0.2079999999999984
