Statistic,Overall Value
Min,0.3780000000000001
Max,0.8960000000000008
Mean,0.640799999999999
Median,0.6539999999999964
