Statistic,Overall Value
Min,0.5640000000000001
Max,0.5640000000000001
Mean,0.5640000000000001
Median,0.5640000000000001
