Statistic,Overall Value
Min,0.009000000000000341
Max,0.7799999999999998
Mean,0.33129230769230755
Median,0.332499999999996
