Statistic,Overall Value
Min,0.01699999999999946
Max,0.6699999999999946
Mean,0.22733333333333228
Median,0.07950000000000035
