Statistic,Overall Value
Min,0.013999999999995794
Max,0.4989999999999952
Mean,0.19848275862068976
Median,0.1629999999999967
