Statistic,Overall Value
Min,0.0030000000000001137
Max,0.7289999999999992
Mean,0.3330270270270267
Median,0.33900000000000574
