Statistic,Overall Value
Min,0.0030000000000001137
Max,0.9830000000000041
Mean,0.3604350282485879
Median,0.37299999999999756
