,Stimulus Type,Stimulus Stream,Numbers,Position,Timepoints,Time Difference
142,response,S131,3,27186,27.186,0.31700000000000017
149,response,S131,3,28477,28.477,0.37099999999999866
