,Stimulus Type,Stimulus Stream,Numbers,Position,Timepoints,Time Difference,Response
107,s1,S  2,2,21608,21.608,0.2660000000000018,0
115,s1,S  2,2,23279,23.279,0.3030000000000008,0
