Statistic,Overall Value
Min,0.0040000000000048885
Max,0.7860000000000014
Mean,0.3579518072289154
Median,0.3780000000000001
