Statistic,Overall Value
Min,0.11400000000000432
Max,0.645999999999999
Mean,0.418400000000001
Median,0.4319999999999995
