Statistic,Overall Value
Min,0.006000000000000227
Max,0.7859999999999943
Mean,0.3484761904761907
Median,0.3989999999999938
