Statistic,Overall Value
Min,0.26599999999999824
Max,0.6939999999999991
Mean,0.48685714285714204
Median,0.48399999999999466
