Statistic,Overall Value
Min,0.007999999999999119
Max,0.8260000000000001
Mean,0.32843037974683503
Median,0.3119999999999976
