Statistic,Overall Value
Min,0.39800000000000324
Max,0.8320000000000007
Mean,0.6000000000000011
Median,0.6210000000000022
