Statistic,Overall Value
Min,0.03300000000000125
Max,0.6049999999999969
Mean,0.22399999999999962
Median,0.19400000000000084
