Statistic,Overall Value
Min,0.0030000000000001137
Max,1.051000000000002
Mean,0.32510457516339886
Median,0.3200000000000003
