Statistic,Overall Value
Min,0.0030000000000001137
Max,0.8290000000000077
Mean,0.3575352941176471
Median,0.33549999999999613
