Statistic,Overall Value
Min,0.14800000000001035
Max,0.4129999999999967
Mean,0.2526666666666699
Median,0.19700000000000273
