Statistic,Overall Value
Min,0.005000000000002558
Max,0.7820000000000107
Mean,0.34862264150943384
Median,0.3509999999999991
