Statistic,Overall Value
Min,0.0020000000000024443
Max,0.3919999999999999
Mean,0.1710617283950616
Median,0.16449999999999676
