Statistic,Overall Value
Min,0.0020000000000024443
Max,0.3680000000000003
Mean,0.15348750000000014
Median,0.1500000000000008
