Statistic,Overall Value
Min,0.09999999999999432
Max,0.09999999999999432
Mean,0.09999999999999432
Median,0.09999999999999432
