Statistic,Overall Value
Min,0.5080000000000098
Max,0.5080000000000098
Mean,0.5080000000000098
Median,0.5080000000000098
