Statistic,Overall Value
Min,0.007999999999995566
Max,0.7469999999999999
Mean,0.3496321839080461
Median,0.33350000000000035
