Statistic,Overall Value
Min,0.0039999999999995595
Max,0.7910000000000004
Mean,0.3667888198757767
Median,0.38599999999999923
