Statistic,Overall Value
Min,0.04400000000000048
Max,0.6970000000000027
Mean,0.3419999999999999
Median,0.2849999999999966
