Statistic,Overall Value
Min,0.0030000000000001137
Max,0.7379999999999995
Mean,0.37075625000000023
Median,0.3880000000000008
