Statistic,Overall Value
Min,0.0030000000000001137
Max,0.7960000000000065
Mean,0.3337588235294116
Median,0.33899999999999864
