Statistic,Overall Value
Min,0.0030000000000001137
Max,0.7639999999999993
Mean,0.3434968152866243
Median,0.28999999999999915
