Statistic,Overall Value
Min,0.001999999999995339
Max,0.9619999999999891
Mean,0.336251748251748
Median,0.32500000000000284
