Statistic,Overall Value
Min,0.015000000000000568
Max,0.7259999999999991
Mean,0.2510588235294114
Median,0.15699999999999648
