Statistic,Overall Value
Min,0.117999999999995
Max,0.117999999999995
Mean,0.117999999999995
Median,0.117999999999995
