Statistic,Overall Value
Min,0.4340000000000117
Max,0.4340000000000117
Mean,0.4340000000000117
Median,0.4340000000000117
