,Stimulus Type,Stimulus Stream,Numbers,Position,Timepoints,Time Difference
135,response,S131,3,50961,50.961,0.43599999999999994
308,response,S131,3,114892,114.892,0.027999999999991587
