,Stimulus Type,Stimulus Stream,Numbers,Position,Timepoints,Time Difference
232,response,S134,6,89645,89.645,0.09999999999999432
233,response,S134,6,89669,89.669,0.02400000000000091
