,Stimulus Type,Stimulus Stream,Numbers,Position,Timepoints,Time Difference
223,response,S129,1,85143,85.143,0.32800000000000296
279,response,S129,1,105189,105.189,0.4069999999999965
