,Stimulus Type,Stimulus Stream,Numbers,Position,Timepoints,Time Difference
163,response,S136,8,61862,61.862,0.2680000000000007
289,response,S136,8,107581,107.581,0.006000000000000227
