,Stimulus Type,Stimulus Stream,Numbers,Position,Timepoints,Time Difference
79,response,S133,5,31722,31.722,0.1930000000000014
275,response,S133,5,104666,104.666,0.15500000000000114
