,Stimulus Type,Stimulus Stream,Numbers,Position,Timepoints,Time Difference,Response
55,s1,S  9,9,21907,21.907,0.028999999999999915,0
295,s1,S  9,9,110526,110.526,0.5159999999999911,0
