Statistic,Overall Value
Min,0.18200000000000216
Max,0.18200000000000216
Mean,0.18200000000000216
Median,0.18200000000000216
