Statistic,Overall Value
Min,0.03599999999999781
Max,0.03599999999999781
Mean,0.03599999999999781
Median,0.03599999999999781
