Statistic,Overall Value
Min,0.007999999999995566
Max,0.7410000000000001
Mean,0.29081818181818136
Median,0.269999999999996
