Statistic,Overall Value
Min,0.0030000000000001137
Max,0.7449999999999974
Mean,0.3436894409937886
Median,0.36599999999999966
