Statistic,Overall Value
Min,0.44899999999999807
Max,0.5309999999999988
Mean,0.4893333333333321
Median,0.48799999999999955
