Statistic,Overall Value
Min,0.007000000000005002
Max,0.7240000000000002
Mean,0.3294117647058824
Median,0.3420000000000001
