Statistic,Overall Value
Min,0.003999999999997783
Max,0.7980000000000018
Mean,0.3684060606060608
Median,0.4289999999999985
