Statistic,Overall Value
Min,0.004000000000001336
Max,0.7750000000000057
Mean,0.37584523809523807
Median,0.3744999999999976
