Statistic,Overall Value
Min,0.06400000000000006
Max,0.07899999999999352
Mean,0.07149999999999679
Median,0.07149999999999679
