Statistic,Overall Value
Min,0.003999999999990678
Max,0.7789999999999964
Mean,0.30457831325301177
Median,0.29650000000000176
