Statistic,Overall Value
Min,0.027999999999991587
Max,0.43599999999999994
Mean,0.30174999999999663
Median,0.3714999999999975
