,Stimulus Type,Stimulus Stream,Numbers,Position,Timepoints,Time Difference,Response
244,s1,S  2,2,43713,87.426,0.028000000000005798,0
312,s1,S  2,2,55838,111.676,0.6080000000000041,0
