,Stimulus Type,Stimulus Stream,Numbers,Position,Timepoints,Time Difference,Response
60,s1,S  6,6,11559,23.118,0.06400000000000006,0
225,s1,S  6,6,42491,84.982,0.7379999999999995,0
