,Stimulus Type,Stimulus Stream,Numbers,Position,Timepoints,Time Difference,Response
40,s2,S 65,1,7992,15.984,0.11400000000000077,0
176,s2,S 65,1,32469,64.938,0.5820000000000078,0
