,Stimulus Type,Stimulus Stream,Numbers,Position,Timepoints,Time Difference,Response
63,s1,S  1,1,13491,26.982,0.11400000000000077,0
83,s1,S  1,1,17252,34.504,0.28599999999999426,0
222,s1,S  1,1,43584,87.168,0.7360000000000042,0
302,s1,S  1,1,58634,117.268,0.6440000000000055,0
