,Stimulus Type,Stimulus Stream,Numbers,Position,Timepoints,Time Difference,Response
42,s2,S 73,9,7664,15.328,0.08399999999999963,0
184,s2,S 73,9,32962,65.924,0.5240000000000009,0
236,s2,S 73,9,41934,83.868,0.07399999999999807,0
