,Stimulus Type,Stimulus Stream,Numbers,Position,Timepoints,Time Difference,Response
270,s1,S  1,1,48898,97.796,0.21800000000000352,0
307,s1,S  1,1,55587,111.174,0.5420000000000016,0
