,Stimulus Type,Stimulus Stream,Numbers,Position,Timepoints,Time Difference
29,response,S134,6,5855,11.71,0.08200000000000074
125,response,S134,6,23953,47.906,0.3780000000000001
195,response,S134,6,36741,73.482,0.2079999999999984
