,Stimulus Type,Stimulus Stream,Numbers,Position,Timepoints,Time Difference,Response
107,s1,S  2,2,21608,43.216,0.5320000000000036,0
111,s1,S  2,2,22441,44.882,0.5599999999999952,0
