,Stimulus Type,Stimulus Stream,Numbers,Position,Timepoints,Time Difference
23,response,S129,1,6305,12.61,0.05400000000000027
34,response,S129,1,8905,17.81,0.5779999999999994
120,response,S129,1,28279,56.558,0.6640000000000015
207,response,S129,1,46653,93.306,0.5879999999999939
264,response,S129,1,59024,118.048,0.20600000000000307
265,response,S129,1,59110,118.22,0.17199999999999704
