,Stimulus Type,Stimulus Stream,Numbers,Position,Timepoints,Time Difference,Response
29,response,S131,3,7056,14.112,0.012000000000000455,3
195,response,S131,3,44769,89.538,0.7120000000000033,3
244,response,S131,3,55847,111.694,0.4200000000000017,3
