,Stimulus Type,Stimulus Stream,Numbers,Position,Timepoints,Time Difference
41,response,S137,9,10432,20.864,0.18200000000000216
54,response,S137,9,13469,26.938,0.5679999999999978
106,response,S137,9,24855,49.71,0.37599999999999767
121,response,S137,9,28368,56.736,0.7719999999999985
154,response,S137,9,35454,70.908,0.0660000000000025
200,response,S137,9,45463,90.926,0.49800000000000466
229,response,S137,9,51631,103.262,0.17600000000000193
