,Stimulus Type,Stimulus Stream,Numbers,Position,Timepoints,Time Difference
29,response,S131,3,7056,14.112,0.012000000000000455
102,response,S131,3,23287,46.574,0.6999999999999957
146,response,S131,3,33178,66.356,0.15399999999999636
