,Stimulus Type,Stimulus Stream,Numbers,Position,Timepoints,Time Difference,Response
85,s2,S 72,8,20244,40.488,0.9279999999999973,0
263,s2,S 72,8,58286,116.572,0.42600000000000193,0
