,Stimulus Type,Stimulus Stream,Numbers,Position,Timepoints,Time Difference
61,response,S130,2,15267,30.534,0.015999999999998238
66,response,S130,2,16611,33.222,0.38000000000000256
78,response,S130,2,18959,37.918,0.030000000000001137
101,response,S130,2,24468,48.936,0.7680000000000007
153,response,S130,2,35972,71.944,0.5700000000000074
183,response,S130,2,42347,84.694,0.2120000000000033
201,response,S130,2,46773,93.546,0.8400000000000034
230,response,S130,2,52759,105.518,0.117999999999995
250,response,S130,2,57273,114.546,0.06200000000001182
