,Stimulus Type,Stimulus Stream,Numbers,Position,Timepoints,Time Difference,Response
41,response,S137,9,10432,20.864,0.18200000000000216,2
54,response,S137,9,13469,26.938,0.5679999999999978,2
121,response,S137,9,28368,56.736,0.7719999999999985,2
200,response,S137,9,45463,90.926,0.49800000000000466,2
