,Stimulus Type,Stimulus Stream,Numbers,Position,Timepoints,Time Difference,Response
142,s2,S 65,1,33421,66.842,0.1280000000000001,0
212,s2,S 65,1,49173,98.346,0.8239999999999981,0
