,Stimulus Type,Stimulus Stream,Numbers,Position,Timepoints,Time Difference,Response
18,s1,S  8,8,4793,9.586,0.02400000000000091,0
89,s1,S  8,8,21304,42.608,0.921999999999997,0
170,s1,S  8,8,39674,79.348,0.1700000000000017,0
204,s1,S  8,8,47316,94.632,0.9200000000000017,0
